"Test","ApproxF","NumDF","DenDF","PrF"
"Wilks",54.7355116295889,8,1342,3.92503431496108e-77
