"Test","ApproxF","NumDF","DenDF","PrF"
"Wilks",66.4623478112955,8,1638,1.41096576843455e-94
